<?xml version="1.0" encoding="UTF-8"?>
<beans xmlns="http://www.springframework.org/schema/beans"
	xmlns:xsi="http://www.w3.org/2001/XMLSchema-instance" xmlns:context="http://www.springframework.org/schema/context"
	xmlns:int="http://www.springframework.org/schema/integration"
	xsi:schemaLocation="http://www.springframework.org/schema/beans http://www.springframework.org/schema/beans/spring-beans.xsd
		http://www.springframework.org/schema/context http://www.springframework.org/schema/context/spring-context-4.0.xsd
		http://www.springframework.org/schema/integration http://www.springframework.org/schema/integration/spring-integration.xsd">


	<int:channel id="docRefChannel"></int:channel>
	<int:channel id="httpURLHandler"></int:channel>
	<int:channel id="invalidURLHandler"></int:channel>
	<int:channel id="outputChannel"></int:channel>
	<int:channel id="successfulDMSUploadChannel"></int:channel>
	<int:channel id="faildDMSUplaodChannel"></int:channel>
	<int:channel id="successfulDownloadChannel"></int:channel>
	<int:channel id="failedDownloadChannel"></int:channel>
	<int:channel id="successfulDownloadOutputChannel"></int:channel>
	<int:channel id="restURLHandler"></int:channel>

	<int:gateway
		service-interface="com.hcentive.billing.core.commons.docref.integration.DocRefGateway"
		default-request-channel="docRefChannel">
	</int:gateway>


	<!-- Router for Doc Ref Url reslover -->
	<int:router input-channel="docRefChannel" ref="docRefConnectorResolver"
		method="resolveConnector"></int:router>

	<!-- Router for File Download reslover -->
	<int:router input-channel="outputChannel" ref="FileDownloadRouter"
		method="routeBasedOnStatus"></int:router>

	<!-- Router for Dms Upload resolver called when success download of file -->
	<int:router input-channel="successfulDownloadOutputChannel"
		ref="dmsUploadRouter" method="routeToChannel"></int:router>

	<!-- Transformers -->
	<int:transformer input-channel="httpURLHandler" method="handleURL"
		ref="httpUrlHandler" output-channel="outputChannel"></int:transformer>

	<int:transformer input-channel="ftpURLHandler" method="handleURL"
		ref="ftpUrlHandler" output-channel="outputChannel"></int:transformer>

	<int:transformer input-channel="restURLHandler" method="handleURL"
		ref="restUrlHandler" output-channel="outputChannel"></int:transformer>

	<int:transformer input-channel="successfulDownloadChannel"
		method="uploadToDMS" ref="successfulDownload" output-channel="successfulDownloadOutputChannel"></int:transformer>



	<!-- Service activators endpoint -->
	<int:service-activator input-channel="failedDownloadChannel"
		method="handleDownloadFailded" ref="failedDownload"></int:service-activator>

	<int:service-activator input-channel="successfulDMSUploadChannel"
		ref="successfulDMSUpload" method="handleSuccessfulDMSUpload">
	</int:service-activator>

	<int:service-activator input-channel="faildDMSUplaodChannel"
		ref="faildDMSUplaod" method="proces">
	</int:service-activator>

	<int:service-activator input-channel="invalidURLHandler"
		method="handleInvalidUrl" ref="invalidURLHandlerChannel"></int:service-activator>


	<bean id="invalidURLHandlerChannel"
		class="com.hcentive.billing.core.commons.docref.integration.InvalidURLHandler"></bean>
	<bean id="failedDownload"
		class="com.hcentive.billing.core.commons.docref.integration.FailedDownloadChannel"></bean>
	<bean id="successfulDownload"
		class="com.hcentive.billing.core.commons.docref.integration.SuccessfulDownloadChannel"></bean>
	<bean id="FileDownloadRouter"
		class="com.hcentive.billing.core.commons.docref.integration.FileDownloadRouter"></bean>
	<bean id="faildDMSUplaod"
		class="com.hcentive.billing.core.commons.docref.integration.FaildDMSUplaodChannel"></bean>
	<bean id="successfulDMSUpload"
		class="com.hcentive.billing.core.commons.docref.integration.SuccessfulDMSUploadChannel"></bean>
	<bean id="dmsUploadRouter"
		class="com.hcentive.billing.core.commons.docref.integration.DmsUploadRouter"></bean>
	<bean id="httpUrlHandler"
		class="com.hcentive.billing.core.commons.docref.integration.HttpURLHanlder"></bean>
	<bean id="ftpUrlHandler"
		class="com.hcentive.billing.core.commons.docref.integration.FtpURLHandler"></bean>
	<bean id="docRefUrlResolver"
		class="com.hcentive.billing.core.commons.docref.integration.DocRefURLResolver"></bean>
	<bean id="docRefConnectorResolver"
		class="com.hcentive.billing.core.commons.docref.integration.DocRefConnectorResolver"></bean>
	<bean id="restUrlHandler"
		class="com.hcentive.billing.core.commons.docref.integration.RestURLHandler">
	</bean>
</beans>
 