<beans xmlns="http://www.springframework.org/schema/beans"
	xmlns:xsi="http://www.w3.org/2001/XMLSchema-instance" xmlns:context="http://www.springframework.org/schema/context"
	xmlns:integration="http://www.springframework.org/schema/integration"
	xmlns:file="http://www.springframework.org/schema/integration/file"
	xsi:schemaLocation="http://www.springframework.org/schema/beans
      http://www.springframework.org/schema/beans/spring-beans-3.0.xsd
       http://www.springframework.org/schema/context
		http://www.springframework.org/schema/context/spring-context-3.0.xsd
      http://www.springframework.org/schema/integration
      http://www.springframework.org/schema/integration/spring-integration-2.2.xsd
      http://www.springframework.org/schema/integration/file
      http://www.springframework.org/schema/integration/file/spring-integration-file-2.2.xsd">

	<bean id="roleValidationConfig"
		class="com.hcentive.billing.core.commons.validation.config.ValidationConfig">
		<property name="strategyName" value="andStrategy" />


		<property name="validators">
			<list>
				<value>duplicateRoleValidator</value>
				<value>permissionExistsValidator</value>
			</list>
		</property>
	</bean>

	<bean id="addUserCredentialsValidationConfig"
		class="com.hcentive.billing.core.commons.validation.config.ValidationConfig">
		<property name="strategyName" value="andStrategy" />
		<property name="validators">
			<list>
				<value>userExistsValidator</value>
				<value>userCredentialsAlreadyExistValidator</value>

			</list>
		</property>
	</bean>

	<bean id="addUserValidationConfig"
		class="com.hcentive.billing.core.commons.validation.config.ValidationConfig">
		<property name="strategyName" value="andStrategy" />
		<property name="validators">
			<list>
				<value>userProfileValidator</value>
				<value>userRolesValidator</value>
			</list>
		</property>
	</bean>

	<bean id="updateUserValidationConfig"
		class="com.hcentive.billing.core.commons.validation.config.ValidationConfig">
		<property name="strategyName" value="andStrategy" />
		<property name="validators">
			<list>
				<value>userExistsValidator</value>
				<value>userProfileValidator</value>
				<value>userRolesValidator</value>
			</list>
		</property>
	</bean>

	<bean id="roleUpdateValidationConfig"
		class="com.hcentive.billing.core.commons.validation.config.ValidationConfig">
		<property name="strategyName" value="andStrategy" />


		<property name="validators">
			<list>
				<value>roleExistsValidator</value>
				<value>permissionExistsValidator</value>
			</list>
		</property>
	</bean>

	<bean id="andStrategy"
		class="com.hcentive.billing.core.commons.validation.impl.AndStrategy"
		scope="prototype" />


	<bean id="duplicateRoleValidator"
		class="com.hcentive.billing.core.commons.service.core.security.validator.DuplicateRoleValidator"
		scope="prototype" />

	<bean id="roleExistsValidator"
		class="com.hcentive.billing.core.commons.service.core.security.validator.RoleExistsValidator"
		scope="prototype" />

	<bean id="permissionExistsValidator"
		class="com.hcentive.billing.core.commons.service.core.security.validator.PermissionExistanceValidator"
		scope="prototype" />

	<bean id="userRolesValidator"
		class="com.hcentive.billing.core.commons.service.core.security.validator.UserRolesValidator"
		scope="prototype" />

	<bean id="userExistsValidator"
		class="com.hcentive.billing.core.commons.service.core.security.validator.UserExistsValidator"
		scope="prototype" />

	<bean id="userProfileValidator"
		class="com.hcentive.billing.core.commons.service.core.security.validator.UserProfileValidator"
		scope="prototype" />

	<bean id="userOtherFieldsValidator"
		class="com.hcentive.billing.core.commons.service.core.security.validator.UserOtherFieldsValidator"
		scope="prototype" />

	<bean id="userCredentialsAlreadyExistValidator"
		class="com.hcentive.billing.core.commons.service.core.security.validator.UserCredentialsAlreadyExistValidator"
		scope="prototype" />
</beans>